{
  "tile_0_node_0": 0.0,
  "tile_0_node_1": 0.0,
  "tile_0_node_2": 0.0,
  "tile_0_node_3": 0.0,
  "tile_0_node_4": 0.0,
  "tile_0_node_5": 0.0,
  "tile_0_node_6": 0.0,
  "tile_0_node_7": 0.0,
  "tile_0_node_8": 0.0,
  "tile_0_node_9": 0.0,
  "tile_0_node_10": 0.004693486590038314,
  "tile_0_node_11": 0.038505747126436785,
  "tile_0_node_12": 0.04051724137931035,
  "tile_0_node_13": 0.004693486590038314,
  "tile_0_node_14": 0.0,
  "tile_0_node_15": 0.009291187739463603,
  "tile_0_node_16": 0.013505747126436781,
  "tile_0_node_17": 0.016858237547892722,
  "tile_0_node_18": 0.028831417624521075,
  "tile_0_node_19": 0.04080459770114943,
  "tile_0_node_20": 0.0047892720306513415,
  "tile_0_node_21": 0.004693486590038314,
  "tile_0_node_22": 0.03218390804597701,
  "tile_0_node_23": 0.03745210727969349,
  "tile_0_node_24": 0.04003831417624521,
  "tile_0_node_25": 0.016379310344827588,
  "tile_0_node_26": 0.0,
  "tile_0_node_27": 0.0,
  "tile_0_node_28": 0.0,
  "tile_0_node_29": 0.0,
  "tile_0_node_30": 0.015325670498084292,
  "tile_0_node_31": 0.040229885057471264,
  "tile_0_node_32": 0.01206896551724138,
  "tile_0_node_33": 0.016858237547892722,
  "tile_0_node_34": 0.01810344827586207,
  "tile_0_node_35": 0.038218390804597706,
  "tile_0_node_36": 0.021551724137931036,
  "tile_0_node_37": 0.05517241379310345,
  "tile_0_node_38": 0.004693486590038314,
  "tile_0_node_39": 0.004693486590038314,
  "tile_0_node_40": 0.017624521072796936,
  "tile_0_node_41": 0.0,
  "tile_0_node_42": 0.0,
  "tile_0_node_43": 0.0003831417624521073,
  "tile_0_node_44": 0.0005747126436781609,
  "tile_0_node_45": 0.0005747126436781609,
  "tile_0_node_46": 0.0003831417624521073,
  "tile_0_node_47": 0.0,
  "tile_0_node_50": 0.055651340996168586,
  "tile_0_node_51": 0.004693486590038314,
  "tile_0_node_52": 0.007471264367816092,
  "tile_0_node_53": 0.014559386973180077,
  "tile_0_node_54": 0.037260536398467436,
  "tile_0_node_55": 0.0030651340996168583,
  "tile_0_node_56": 0.02835249042145594,
  "tile_0_node_57": 0.004693486590038314,
  "tile_0_node_58": 0.0,
  "tile_0_node_59": 0.0,
  "tile_0_node_60": 0.004693486590038314,
  "tile_0_node_61": 0.017624521072796936,
  "tile_0_node_62": 0.004693486590038314,
  "tile_0_node_63": 0.025478927203065136,
  "tile_0_node_64": 0.003352490421455939,
  "tile_0_node_65": 0.021551724137931036,
  "tile_0_node_66": 0.0,
  "tile_1_node_0": 0.0,
  "tile_1_node_1": 0.0,
  "tile_2_node_0": 0.0,
  "tile_2_node_1": 0.0,
  "tile_2_node_2": 0.00028735632183908046,
  "tile_2_node_3": 0.0,
  "tile_2_node_4": 0.0,
  "tile_2_node_5": 0.0,
  "tile_2_node_6": 0.0,
  "tile_2_node_7": 0.0,
  "tile_2_node_8": 0.0,
  "tile_2_node_9": 0.0,
  "tile_2_node_10": 0.0,
  "tile_2_node_11": 0.00019157088122605365,
  "tile_2_node_12": 0.00019157088122605365,
  "tile_2_node_13": 0.0,
  "tile_2_node_14": 0.0,
  "tile_2_node_15": 0.0,
  "tile_2_node_16": 0.0,
  "tile_2_node_17": 0.0,
  "tile_2_node_18": 0.0,
  "tile_2_node_19": 0.0,
  "tile_2_node_20": 0.0003831417624521073,
  "tile_2_node_21": 0.0003831417624521073,
  "tile_2_node_22": 0.0003831417624521073,
  "tile_2_node_23": 0.0,
  "tile_4_node_0": 0.0,
  "tile_4_node_1": 0.00019157088122605365,
  "tile_4_node_2": 0.00019157088122605365,
  "tile_4_node_3": 0.0,
  "tile_4_node_4": 0.0,
  "tile_4_node_5": 0.0,
  "tile_4_node_6": 0.0,
  "tile_4_node_7": 0.0,
  "tile_5_node_0": 0.0,
  "tile_5_node_1": 0.0,
  "tile_5_node_2": 0.00047892720306513413,
  "tile_5_node_3": 0.00047892720306513413,
  "tile_5_node_4": 0.0003831417624521073,
  "tile_5_node_5": 0.00047892720306513413,
  "tile_5_node_6": 0.0,
  "tile_5_node_7": 0.0,
  "tile_6_node_0": 0.0,
  "tile_6_node_1": 0.0,
  "tile_6_node_2": 0.0,
  "tile_6_node_3": 0.0,
  "tile_6_node_4": 0.00028735632183908046,
  "tile_6_node_5": 0.0,
  "tile_6_node_6": 0.0,
  "tile_6_node_7": 0.0,
  "tile_6_node_8": 0.0,
  "tile_6_node_9": 0.0,
  "tile_6_node_10": 0.0,
  "tile_6_node_11": 0.0,
  "tile_6_node_12": 0.0,
  "tile_6_node_13": 0.0,
  "tile_6_node_14": 0.0,
  "tile_6_node_15": 0.0,
  "tile_6_node_17": 0.0,
  "tile_6_node_18": 0.00019157088122605365,
  "tile_6_node_19": 0.0003831417624521073,
  "tile_6_node_20": 0.0003831417624521073,
  "tile_6_node_21": 0.0,
  "tile_6_node_22": 0.0,
  "tile_6_node_23": 0.0,
  "tile_6_node_24": 0.0006704980842911878,
  "tile_6_node_25": 0.0011494252873563218,
  "tile_6_node_26": 0.0,
  "tile_6_node_27": 0.0014367816091954023,
  "tile_6_node_28": 0.0006704980842911878,
  "tile_6_node_29": 0.0003831417624521073,
  "tile_6_node_30": 0.0006704980842911878,
  "tile_6_node_31": 0.0,
  "tile_6_node_32": 0.0,
  "tile_6_node_33": 0.0,
  "tile_6_node_34": 0.0,
  "tile_6_node_35": 0.0,
  "tile_6_node_36": 0.0,
  "tile_6_node_37": 0.0,
  "tile_6_node_38": 0.0,
  "tile_6_node_39": 0.0
}