{
  "tile_0_node_0": 0.0,
  "tile_0_node_1": 0.0,
  "tile_0_node_2": 0.0,
  "tile_0_node_3": 0.005268199233716475,
  "tile_0_node_4": 0.010344827586206896,
  "tile_0_node_5": 0.025,
  "tile_0_node_6": 0.005268199233716475,
  "tile_0_node_7": 0.0,
  "tile_0_node_8": 0.0,
  "tile_0_node_9": 0.028735632183908046,
  "tile_0_node_10": 0.005268199233716475,
  "tile_0_node_11": 0.05,
  "tile_0_node_12": 0.05373563218390805,
  "tile_0_node_13": 0.005268199233716475,
  "tile_0_node_14": 0.0,
  "tile_0_node_15": 0.010440613026819924,
  "tile_0_node_16": 0.015229885057471264,
  "tile_0_node_17": 0.019157088122605366,
  "tile_0_node_18": 0.0328544061302682,
  "tile_0_node_19": 0.05459770114942529,
  "tile_0_node_20": 0.019157088122605366,
  "tile_0_node_21": 0.0328544061302682,
  "tile_0_node_22": 0.0367816091954023,
  "tile_0_node_23": 0.04837164750957854,
  "tile_0_node_24": 0.05268199233716475,
  "tile_0_node_25": 0.021551724137931036,
  "tile_0_node_26": 0.0,
  "tile_0_node_27": 0.0,
  "tile_0_node_28": 0.0,
  "tile_0_node_29": 0.0,
  "tile_0_node_30": 0.01992337164750958,
  "tile_0_node_31": 0.052298850574712646,
  "tile_0_node_32": 0.015517241379310345,
  "tile_0_node_33": 0.016858237547892722,
  "tile_0_node_34": 0.01810344827586207,
  "tile_0_node_35": 0.04913793103448276,
  "tile_0_node_36": 0.02442528735632184,
  "tile_0_node_37": 0.06551724137931035,
  "tile_0_node_38": 0.005268199233716475,
  "tile_0_node_39": 0.005268199233716475,
  "tile_0_node_40": 0.01992337164750958,
  "tile_0_node_41": 0.0,
  "tile_0_node_42": 0.0,
  "tile_0_node_43": 0.0003831417624521073,
  "tile_0_node_44": 0.0005747126436781609,
  "tile_0_node_45": 0.0005747126436781609,
  "tile_0_node_46": 0.0003831417624521073,
  "tile_0_node_47": 0.0,
  "tile_0_node_50": 0.06542145593869732,
  "tile_0_node_51": 0.005268199233716475,
  "tile_0_node_52": 0.008620689655172414,
  "tile_0_node_53": 0.016858237547892722,
  "tile_0_node_54": 0.0435823754789272,
  "tile_0_node_55": 0.0030651340996168583,
  "tile_0_node_56": 0.03295019157088123,
  "tile_0_node_57": 0.005268199233716475,
  "tile_0_node_58": 0.0,
  "tile_0_node_59": 0.0,
  "tile_0_node_60": 0.005268199233716475,
  "tile_0_node_61": 0.01992337164750958,
  "tile_0_node_62": 0.005268199233716475,
  "tile_0_node_63": 0.029501915708812262,
  "tile_0_node_64": 0.003352490421455939,
  "tile_0_node_65": 0.02442528735632184,
  "tile_0_node_66": 0.0,
  "tile_1_node_0": 0.0,
  "tile_1_node_1": 9.578544061302682e-05,
  "tile_2_node_0": 0.0,
  "tile_2_node_1": 0.0,
  "tile_2_node_2": 0.0010536398467432951,
  "tile_2_node_3": 0.0,
  "tile_2_node_4": 0.0011494252873563218,
  "tile_2_node_5": 0.0,
  "tile_2_node_6": 0.0,
  "tile_2_node_7": 0.0,
  "tile_2_node_8": 0.0011494252873563218,
  "tile_2_node_9": 0.00019157088122605365,
  "tile_2_node_10": 0.0,
  "tile_2_node_11": 0.0009578544061302683,
  "tile_2_node_12": 0.0005747126436781609,
  "tile_2_node_13": 0.0,
  "tile_2_node_14": 0.0,
  "tile_2_node_15": 0.00019157088122605365,
  "tile_2_node_16": 0.0,
  "tile_2_node_17": 0.0,
  "tile_2_node_18": 0.0,
  "tile_2_node_19": 0.0,
  "tile_2_node_20": 0.0003831417624521073,
  "tile_2_node_21": 0.0003831417624521073,
  "tile_2_node_22": 0.0003831417624521073,
  "tile_2_node_23": 0.0,
  "tile_4_node_0": 0.0,
  "tile_4_node_1": 0.00019157088122605365,
  "tile_4_node_2": 0.00019157088122605365,
  "tile_4_node_3": 0.0,
  "tile_4_node_4": 0.0,
  "tile_4_node_5": 0.0,
  "tile_4_node_6": 0.0,
  "tile_4_node_7": 0.0,
  "tile_5_node_0": 0.0,
  "tile_5_node_1": 0.0,
  "tile_5_node_2": 0.00047892720306513413,
  "tile_5_node_3": 0.00047892720306513413,
  "tile_5_node_4": 0.0003831417624521073,
  "tile_5_node_5": 0.00047892720306513413,
  "tile_5_node_6": 0.0,
  "tile_5_node_7": 0.0,
  "tile_6_node_0": 0.0,
  "tile_6_node_1": 0.0,
  "tile_6_node_2": 0.0,
  "tile_6_node_3": 0.0,
  "tile_6_node_4": 0.0006704980842911878,
  "tile_6_node_5": 0.0,
  "tile_6_node_6": 0.0005747126436781609,
  "tile_6_node_7": 0.0003831417624521073,
  "tile_6_node_8": 0.0,
  "tile_6_node_9": 0.0,
  "tile_6_node_10": 0.00019157088122605365,
  "tile_6_node_11": 0.00019157088122605365,
  "tile_6_node_12": 0.0,
  "tile_6_node_13": 0.0,
  "tile_6_node_14": 0.0,
  "tile_6_node_15": 0.0,
  "tile_6_node_17": 0.0,
  "tile_6_node_18": 0.00019157088122605365,
  "tile_6_node_19": 0.0003831417624521073,
  "tile_6_node_20": 0.0003831417624521073,
  "tile_6_node_21": 0.0,
  "tile_6_node_22": 0.0,
  "tile_6_node_23": 0.0,
  "tile_6_node_24": 0.0008620689655172414,
  "tile_6_node_25": 0.0015325670498084292,
  "tile_6_node_26": 0.0,
  "tile_6_node_27": 0.002011494252873563,
  "tile_6_node_28": 0.002011494252873563,
  "tile_6_node_29": 0.0007662835249042146,
  "tile_6_node_30": 0.0008620689655172414,
  "tile_6_node_31": 0.0015325670498084292,
  "tile_6_node_32": 0.0,
  "tile_6_node_33": 0.00019157088122605365,
  "tile_6_node_34": 0.0008620689655172414,
  "tile_6_node_35": 0.0,
  "tile_6_node_36": 0.00019157088122605365,
  "tile_6_node_37": 0.0,
  "tile_6_node_38": 0.0,
  "tile_6_node_39": 0.0
}