{
  "iou_occluded": 0.032361786861211314,
  "dice_occluded": 0.058425605548050964,
  "iou_non_occluded": 0.0028856690728250724,
  "dice_non_occluded": 0.005616396271896563,
  "relaxed_iou": 0.021049716561330416,
  "apl_error_pct": 251.82634072823816
}